gene	baseMean	log2FoldChange	lfcSE	stat	pvalue	padj
ENSG00000160191	76924.07402364536	3.0719183871746036	0.15547905658843525	19.757763229205864	6.878604950449061e-87	1.575200533652835e-84
ENSG00000154734	22862.22519146941	3.4419800268193685	0.17970264484797094	19.153752743768994	9.005703210561979e-82	1.0311530176093466e-79
ENSG00000154723	7342.896559095749	2.5822739820505936	0.16404609727315664	15.74114852455645	7.899672979835555e-56	6.03008370794114e-54
ENSG00000180509	30225.59283148437	2.9436747173216746	0.2002618708041554	14.699127225274049	6.5295864400065574e-49	3.7381882369037543e-47
ENSG00000183145	9991.423317613526	2.8907558685506562	0.24893287744729892	11.612591708231278	3.5566909775343007e-31	1.6289644677107096e-29
ENSG00000276289	11796.912522673229	2.8602783612371523	0.46530244451383235	6.147138049587708	7.889346178483484e-10	3.0111004581211964e-8
ENSG00000277277	724.523621573849	0.928478586498398	0.26395992906171456	3.51749824224766	4.3563523577782985e-4	0.014251495570446148
